{
    "applicationId": "js.neutralino.sample",
    "port": 5006,
    "defaultMode": "window",
    "url": "/resources/",
    "nativeBlockList": [],
    "globalVariables": [],
    "modes": {
        "window": {
            "title": "Neutralinojs app",
            "width": 800,
            "height": 500,
            "fullScreen": false,
            "alwaysOnTop": false,
            "icon": "/app/assets/neutralino.png",
            "enableInspector": false,
            "borderless": false,
            "maximize": false
        },
        "browser": {},
        "cloud": {}
    }
}
